;category;name
0;electronic;image_1.jpeg
1;electronic;image_2.jpeg
2;electronic;image_3.jpeg
3;electronic;image_4.jpeg
4;electronic;image_5.jpeg
5;electronic;image_6.jpeg
6;electronic;image_7.jpeg
7;electronic;image_8.jpeg
8;electronic;image_9.jpeg
9;electronic;image_10.jpeg
10;electronic;image_11.jpeg
11;electronic;image_12.jpeg
12;electronic;image_13.jpeg
13;electronic;image_14.jpeg
14;electronic;image_15.jpeg
15;electronic;image_16.jpeg
16;electronic;image_17.jpeg
17;electronic;image_18.jpeg
18;electronic;image_19.jpeg
19;electronic;image_20.jpeg
20;electronic;image_21.jpeg
21;electronic;image_22.jpeg
22;electronic;image_23.jpeg
23;electronic;image_24.jpeg
24;electronic;image_25.jpeg
25;electronic;image_26.jpeg
26;electronic;image_27.jpeg
27;electronic;image_28.jpeg
28;electronic;image_29.jpeg
29;electronic;image_30.jpeg
30;electronic;image_31.jpeg
31;electronic;image_32.jpeg
32;electronic;image_33.jpeg
33;electronic;image_34.jpeg
34;electronic;image_35.jpeg
35;electronic;image_36.jpeg
36;electronic;image_37.jpeg
37;electronic;image_38.jpeg
38;electronic;image_39.jpeg
39;electronic;image_40.jpeg
40;electronic;image_41.jpeg
41;electronic;image_42.jpeg
42;electronic;image_43.jpeg
43;electronic;image_44.jpeg
44;electronic;image_45.jpeg
45;electronic;image_46.jpeg
46;electronic;image_47.jpeg
47;electronic;image_48.jpeg
48;electronic;image_49.jpeg
49;electronic;image_50.jpeg
50;electronic;image_51.jpeg
51;electronic;image_52.jpeg
52;electronic;image_53.jpeg
53;electronic;image_54.jpeg
54;electronic;image_55.jpeg
55;electronic;image_56.jpeg
56;electronic;image_57.jpeg
57;electronic;image_58.jpeg
58;electronic;image_59.jpeg
59;electronic;image_60.jpeg
60;electronic;image_61.jpeg
61;electronic;image_62.jpeg
62;electronic;image_63.jpeg
63;electronic;image_64.jpeg
64;electronic;image_65.jpeg
65;electronic;image_66.jpeg
66;electronic;image_67.jpeg
67;electronic;image_68.jpeg
68;electronic;image_69.jpeg
69;electronic;image_70.jpeg
70;electronic;image_71.jpeg
71;electronic;image_72.jpeg
72;electronic;image_73.jpeg
73;electronic;image_74.jpeg
74;electronic;image_75.jpeg
75;electronic;image_76.jpeg
76;electronic;image_77.jpeg
77;electronic;image_78.jpeg
78;electronic;image_79.jpeg
79;electronic;image_80.jpeg
80;electronic;image_81.jpeg
81;electronic;image_82.jpeg
82;electronic;image_83.jpeg
83;electronic;image_84.jpeg
84;electronic;image_85.jpeg
85;electronic;image_86.jpeg
86;electronic;image_87.jpeg
87;electronic;image_88.jpeg
88;electronic;image_89.jpeg
89;electronic;image_90.jpeg
90;electronic;image_91.jpeg
91;electronic;image_92.jpeg
92;electronic;image_93.jpeg
93;electronic;image_94.jpeg
94;electronic;image_95.jpeg
95;electronic;image_96.jpeg
96;electronic;image_97.jpeg
97;electronic;image_98.jpeg
98;electronic;image_99.jpeg
99;electronic;image_100.jpeg
100;electronic;image_101.jpeg
101;electronic;image_102.jpeg
102;electronic;image_103.jpeg
103;electronic;image_104.jpeg
104;electronic;image_105.jpeg
105;electronic;image_106.jpeg
106;electronic;image_107.jpeg
107;electronic;image_108.jpeg
108;electronic;image_109.jpeg
109;electronic;image_110.jpeg
110;electronic;image_111.jpeg
111;electronic;image_112.jpeg
112;electronic;image_113.jpeg
113;electronic;image_114.jpeg
114;electronic;image_115.jpeg
115;electronic;image_116.jpeg
116;electronic;image_117.jpeg
117;electronic;image_118.jpeg
118;electronic;image_119.jpeg
119;electronic;image_120.jpeg
120;electronic;image_121.jpeg
121;electronic;image_122.jpeg
122;electronic;image_123.jpeg
123;electronic;image_124.jpeg
124;electronic;image_125.jpeg
125;electronic;image_126.jpeg
126;electronic;image_127.jpeg
127;electronic;image_128.jpeg
128;electronic;image_129.jpeg
129;electronic;image_130.jpeg
130;electronic;image_131.jpeg
131;electronic;image_132.jpeg
132;electronic;image_133.jpeg
133;electronic;image_134.jpeg
134;electronic;image_135.jpeg
135;electronic;image_136.jpeg
136;electronic;image_137.jpeg
137;electronic;image_138.jpeg
138;electronic;image_139.jpeg
139;electronic;image_140.jpeg
140;electronic;image_141.jpeg
141;electronic;image_142.jpeg
142;electronic;image_143.jpeg
143;electronic;image_144.jpeg
144;electronic;image_145.jpeg
145;electronic;image_146.jpeg
146;electronic;image_147.jpeg
147;electronic;image_148.jpeg
148;electronic;image_149.jpeg
149;electronic;image_150.jpeg
150;electronic;image_151.jpeg
151;electronic;image_152.jpeg
152;electronic;image_153.jpeg
153;electronic;image_154.jpeg
154;electronic;image_155.jpeg
155;electronic;image_156.jpeg
156;electronic;image_157.jpeg
157;electronic;image_158.jpeg
158;electronic;image_159.jpeg
159;electronic;image_160.jpeg
160;electronic;image_161.jpeg
161;electronic;image_162.jpeg
162;electronic;image_163.jpeg
163;electronic;image_164.jpeg
164;electronic;image_165.jpeg
165;electronic;image_166.jpeg
166;electronic;image_167.jpeg
167;electronic;image_168.jpeg
168;electronic;image_169.jpeg
169;electronic;image_170.jpeg
170;electronic;image_171.jpeg
171;electronic;image_172.jpeg
172;electronic;image_173.jpeg
173;electronic;image_174.jpeg
174;electronic;image_175.jpeg
175;electronic;image_176.jpeg
176;electronic;image_177.jpeg
177;electronic;image_178.jpeg
178;electronic;image_179.jpeg
179;electronic;image_180.jpeg
180;electronic;image_181.jpeg
181;electronic;image_182.jpeg
182;electronic;image_183.jpeg
183;electronic;image_184.jpeg
184;electronic;image_185.jpeg
185;electronic;image_186.jpeg
186;electronic;image_187.jpeg
187;electronic;image_188.jpeg
188;electronic;image_189.jpeg
189;electronic;image_190.jpeg
190;electronic;image_191.jpeg
191;electronic;image_192.jpeg
192;electronic;image_193.jpeg
193;electronic;image_194.jpeg
194;electronic;image_195.jpeg
195;electronic;image_196.jpeg
196;electronic;image_197.jpeg
197;electronic;image_198.jpeg
198;electronic;image_199.jpeg
199;electronic;image_200.jpeg
200;rock;image_201.jpeg
201;rock;image_202.jpeg
202;rock;image_203.jpeg
203;rock;image_204.jpeg
204;rock;image_205.jpeg
205;rock;image_206.jpeg
206;rock;image_207.jpeg
207;rock;image_208.jpeg
208;rock;image_209.jpeg
209;rock;image_210.jpeg
210;rock;image_211.jpeg
211;rock;image_212.jpeg
212;rock;image_213.jpeg
213;rock;image_214.jpeg
214;rock;image_215.jpeg
215;rock;image_216.jpeg
216;rock;image_217.jpeg
217;rock;image_218.jpeg
218;rock;image_219.jpeg
219;rock;image_220.jpeg
220;rock;image_221.jpeg
221;rock;image_222.jpeg
222;rock;image_223.jpeg
223;rock;image_224.jpeg
224;rock;image_225.jpeg
225;rock;image_226.jpeg
226;rock;image_227.jpeg
227;rock;image_228.jpeg
228;rock;image_229.jpeg
229;rock;image_230.jpeg
230;rock;image_231.jpeg
231;rock;image_232.jpeg
232;rock;image_233.jpeg
233;rock;image_234.jpeg
234;rock;image_235.jpeg
235;rock;image_236.jpeg
236;rock;image_237.jpeg
237;rock;image_238.jpeg
238;rock;image_239.jpeg
239;rock;image_240.jpeg
240;rock;image_241.jpeg
241;rock;image_242.jpeg
242;rock;image_243.jpeg
243;rock;image_244.jpeg
244;rock;image_245.jpeg
245;rock;image_246.jpeg
246;rock;image_247.jpeg
247;rock;image_248.jpeg
248;rock;image_249.jpeg
249;rock;image_250.jpeg
250;rock;image_251.jpeg
251;rock;image_252.jpeg
252;rock;image_253.jpeg
253;rock;image_254.jpeg
254;rock;image_255.jpeg
255;rock;image_256.jpeg
256;rock;image_257.jpeg
257;rock;image_258.jpeg
258;rock;image_259.jpeg
259;rock;image_260.jpeg
260;rock;image_261.jpeg
261;rock;image_262.jpeg
262;rock;image_263.jpeg
263;rock;image_264.jpeg
264;rock;image_265.jpeg
265;rock;image_266.jpeg
266;rock;image_267.jpeg
267;rock;image_268.jpeg
268;rock;image_269.jpeg
269;rock;image_270.jpeg
270;rock;image_271.jpeg
271;rock;image_272.jpeg
272;rock;image_273.jpeg
273;rock;image_274.jpeg
274;rock;image_275.jpeg
275;rock;image_276.jpeg
276;rock;image_277.jpeg
277;rock;image_278.jpeg
278;rock;image_279.jpeg
279;rock;image_280.jpeg
280;rock;image_281.jpeg
281;rock;image_282.jpeg
282;rock;image_283.jpeg
283;rock;image_284.jpeg
284;rock;image_285.jpeg
285;rock;image_286.jpeg
286;rock;image_287.jpeg
287;rock;image_288.jpeg
288;rock;image_289.jpeg
289;rock;image_290.jpeg
290;rock;image_291.jpeg
291;rock;image_292.jpeg
292;rock;image_293.jpeg
293;rock;image_294.jpeg
294;rock;image_295.jpeg
295;rock;image_296.jpeg
296;rock;image_297.jpeg
297;rock;image_298.jpeg
298;rock;image_299.jpeg
299;rock;image_300.jpeg
300;rock;image_301.jpeg
301;rock;image_302.jpeg
302;rock;image_303.jpeg
303;rock;image_304.jpeg
304;rock;image_305.jpeg
305;rock;image_306.jpeg
306;rock;image_307.jpeg
307;rock;image_308.jpeg
308;rock;image_309.jpeg
309;rock;image_310.jpeg
310;rock;image_311.jpeg
311;rock;image_312.jpeg
312;rock;image_313.jpeg
313;rock;image_314.jpeg
314;rock;image_315.jpeg
315;rock;image_316.jpeg
316;rock;image_317.jpeg
317;rock;image_318.jpeg
318;rock;image_319.jpeg
319;rock;image_320.jpeg
320;rock;image_321.jpeg
321;rock;image_322.jpeg
322;rock;image_323.jpeg
323;rock;image_324.jpeg
324;rock;image_325.jpeg
325;rock;image_326.jpeg
326;rock;image_327.jpeg
327;rock;image_328.jpeg
328;rock;image_329.jpeg
329;rock;image_330.jpeg
330;rock;image_331.jpeg
331;rock;image_332.jpeg
332;rock;image_333.jpeg
333;rock;image_334.jpeg
334;rock;image_335.jpeg
335;rock;image_336.jpeg
336;rock;image_337.jpeg
337;rock;image_338.jpeg
338;rock;image_339.jpeg
339;rock;image_340.jpeg
340;rock;image_341.jpeg
341;rock;image_342.jpeg
342;rock;image_343.jpeg
343;rock;image_344.jpeg
344;rock;image_345.jpeg
345;rock;image_346.jpeg
346;rock;image_347.jpeg
347;rock;image_348.jpeg
348;rock;image_349.jpeg
349;rock;image_350.jpeg
350;rock;image_351.jpeg
351;rock;image_352.jpeg
352;rock;image_353.jpeg
353;rock;image_354.jpeg
354;rock;image_355.jpeg
355;rock;image_356.jpeg
356;rock;image_357.jpeg
357;rock;image_358.jpeg
358;rock;image_359.jpeg
359;rock;image_360.jpeg
360;rock;image_361.jpeg
361;rock;image_362.jpeg
362;rock;image_363.jpeg
363;rock;image_364.jpeg
364;rock;image_365.jpeg
365;rock;image_366.jpeg
366;rock;image_367.jpeg
367;rock;image_368.jpeg
368;rock;image_369.jpeg
369;rock;image_370.jpeg
370;rock;image_371.jpeg
371;rock;image_372.jpeg
372;rock;image_373.jpeg
373;rock;image_374.jpeg
374;rock;image_375.jpeg
375;rock;image_376.jpeg
376;rock;image_377.jpeg
377;rock;image_378.jpeg
378;rock;image_379.jpeg
379;rock;image_380.jpeg
380;rock;image_381.jpeg
381;rock;image_382.jpeg
382;rock;image_383.jpeg
383;rock;image_384.jpeg
384;rock;image_385.jpeg
385;rock;image_386.jpeg
386;rock;image_387.jpeg
387;rock;image_388.jpeg
388;rock;image_389.jpeg
389;rock;image_390.jpeg
390;rock;image_391.jpeg
391;rock;image_392.jpeg
392;rock;image_393.jpeg
393;rock;image_394.jpeg
394;rock;image_395.jpeg
395;rock;image_396.jpeg
396;rock;image_397.jpeg
397;rock;image_398.jpeg
398;rock;image_399.jpeg
399;rock;image_400.jpeg
400;hiphop;image_401.jpeg
401;hiphop;image_402.jpeg
402;hiphop;image_403.jpeg
403;hiphop;image_404.jpeg
404;hiphop;image_405.jpeg
405;hiphop;image_406.jpeg
406;hiphop;image_407.jpeg
407;hiphop;image_408.jpeg
408;hiphop;image_409.jpeg
409;hiphop;image_410.jpeg
410;hiphop;image_411.jpeg
411;hiphop;image_412.jpeg
412;hiphop;image_413.jpeg
413;hiphop;image_414.jpeg
414;hiphop;image_415.jpeg
415;hiphop;image_416.jpeg
416;hiphop;image_417.jpeg
417;hiphop;image_418.jpeg
418;hiphop;image_419.jpeg
419;hiphop;image_420.jpeg
420;hiphop;image_421.jpeg
421;hiphop;image_422.jpeg
422;hiphop;image_423.jpeg
423;hiphop;image_424.jpeg
424;hiphop;image_425.jpeg
425;hiphop;image_426.jpeg
426;hiphop;image_427.jpeg
427;hiphop;image_428.jpeg
428;hiphop;image_429.jpeg
429;hiphop;image_430.jpeg
430;hiphop;image_431.jpeg
431;hiphop;image_432.jpeg
432;hiphop;image_433.jpeg
433;hiphop;image_434.jpeg
434;hiphop;image_435.jpeg
435;hiphop;image_436.jpeg
436;hiphop;image_437.jpeg
437;hiphop;image_438.jpeg
438;hiphop;image_439.jpeg
439;hiphop;image_440.jpeg
440;hiphop;image_441.jpeg
441;hiphop;image_442.jpeg
442;hiphop;image_443.jpeg
443;hiphop;image_444.jpeg
444;hiphop;image_445.jpeg
445;hiphop;image_446.jpeg
446;hiphop;image_447.jpeg
447;hiphop;image_448.jpeg
448;hiphop;image_449.jpeg
449;hiphop;image_450.jpeg
450;hiphop;image_451.jpeg
451;hiphop;image_452.jpeg
452;hiphop;image_453.jpeg
453;hiphop;image_454.jpeg
454;hiphop;image_455.jpeg
455;hiphop;image_456.jpeg
456;hiphop;image_457.jpeg
457;hiphop;image_458.jpeg
458;hiphop;image_459.jpeg
459;hiphop;image_460.jpeg
460;hiphop;image_461.jpeg
461;hiphop;image_462.jpeg
462;hiphop;image_463.jpeg
463;hiphop;image_464.jpeg
464;hiphop;image_465.jpeg
465;hiphop;image_466.jpeg
466;hiphop;image_467.jpeg
467;hiphop;image_468.jpeg
468;hiphop;image_469.jpeg
469;hiphop;image_470.jpeg
470;hiphop;image_471.jpeg
471;hiphop;image_472.jpeg
472;hiphop;image_473.jpeg
473;hiphop;image_474.jpeg
474;hiphop;image_475.jpeg
475;hiphop;image_476.jpeg
476;hiphop;image_477.jpeg
477;hiphop;image_478.jpeg
478;hiphop;image_479.jpeg
479;hiphop;image_480.jpeg
480;hiphop;image_481.jpeg
481;hiphop;image_482.jpeg
482;hiphop;image_483.jpeg
483;hiphop;image_484.jpeg
484;hiphop;image_485.jpeg
485;hiphop;image_486.jpeg
486;hiphop;image_487.jpeg
487;hiphop;image_488.jpeg
488;hiphop;image_489.jpeg
489;hiphop;image_490.jpeg
490;hiphop;image_491.jpeg
491;hiphop;image_492.jpeg
492;hiphop;image_493.jpeg
493;hiphop;image_494.jpeg
494;hiphop;image_495.jpeg
495;hiphop;image_496.jpeg
496;hiphop;image_497.jpeg
497;hiphop;image_498.jpeg
498;hiphop;image_499.jpeg
499;hiphop;image_500.jpeg
500;hiphop;image_501.jpeg
501;hiphop;image_502.jpeg
502;hiphop;image_503.jpeg
503;hiphop;image_504.jpeg
504;hiphop;image_505.jpeg
505;hiphop;image_506.jpeg
506;hiphop;image_507.jpeg
507;hiphop;image_508.jpeg
508;hiphop;image_509.jpeg
509;hiphop;image_510.jpeg
510;hiphop;image_511.jpeg
511;hiphop;image_512.jpeg
512;hiphop;image_513.jpeg
513;hiphop;image_514.jpeg
514;hiphop;image_515.jpeg
515;hiphop;image_516.jpeg
516;hiphop;image_517.jpeg
517;hiphop;image_518.jpeg
518;hiphop;image_519.jpeg
519;hiphop;image_520.jpeg
520;hiphop;image_521.jpeg
521;hiphop;image_522.jpeg
522;hiphop;image_523.jpeg
523;hiphop;image_524.jpeg
524;hiphop;image_525.jpeg
525;hiphop;image_526.jpeg
526;hiphop;image_527.jpeg
527;hiphop;image_528.jpeg
528;hiphop;image_529.jpeg
529;hiphop;image_530.jpeg
530;hiphop;image_531.jpeg
531;hiphop;image_532.jpeg
532;hiphop;image_533.jpeg
533;hiphop;image_534.jpeg
534;hiphop;image_535.jpeg
535;hiphop;image_536.jpeg
536;hiphop;image_537.jpeg
537;hiphop;image_538.jpeg
538;hiphop;image_539.jpeg
539;hiphop;image_540.jpeg
540;hiphop;image_541.jpeg
541;hiphop;image_542.jpeg
542;hiphop;image_543.jpeg
543;hiphop;image_544.jpeg
544;hiphop;image_545.jpeg
545;hiphop;image_546.jpeg
546;hiphop;image_547.jpeg
547;hiphop;image_548.jpeg
548;hiphop;image_549.jpeg
549;hiphop;image_550.jpeg
550;hiphop;image_551.jpeg
551;hiphop;image_552.jpeg
552;hiphop;image_553.jpeg
553;hiphop;image_554.jpeg
554;hiphop;image_555.jpeg
555;hiphop;image_556.jpeg
556;hiphop;image_557.jpeg
557;hiphop;image_558.jpeg
558;hiphop;image_559.jpeg
559;hiphop;image_560.jpeg
560;hiphop;image_561.jpeg
561;hiphop;image_562.jpeg
562;hiphop;image_563.jpeg
563;hiphop;image_564.jpeg
564;hiphop;image_565.jpeg
565;hiphop;image_566.jpeg
566;hiphop;image_567.jpeg
567;hiphop;image_568.jpeg
568;hiphop;image_569.jpeg
569;hiphop;image_570.jpeg
570;hiphop;image_571.jpeg
571;hiphop;image_572.jpeg
572;hiphop;image_573.jpeg
573;hiphop;image_574.jpeg
574;hiphop;image_575.jpeg
575;hiphop;image_576.jpeg
576;hiphop;image_577.jpeg
577;hiphop;image_578.jpeg
578;hiphop;image_579.jpeg
579;hiphop;image_580.jpeg
580;hiphop;image_581.jpeg
581;hiphop;image_582.jpeg
582;hiphop;image_583.jpeg
583;hiphop;image_584.jpeg
584;hiphop;image_585.jpeg
585;hiphop;image_586.jpeg
586;hiphop;image_587.jpeg
587;hiphop;image_588.jpeg
588;hiphop;image_589.jpeg
589;hiphop;image_590.jpeg
590;hiphop;image_591.jpeg
591;hiphop;image_592.jpeg
592;hiphop;image_593.jpeg
593;hiphop;image_594.jpeg
594;hiphop;image_595.jpeg
595;hiphop;image_596.jpeg
596;hiphop;image_597.jpeg
597;hiphop;image_598.jpeg
598;hiphop;image_599.jpeg
599;hiphop;image_600.jpeg
600;hiphop;image_601.jpg
601;hiphop;image_602.jpg
602;hiphop;image_603.jpg
603;hiphop;image_604.jpg
604;hiphop;image_605.jpg
605;hiphop;image_606.jpg
606;hiphop;image_607.jpg
607;hiphop;image_608.jpg
608;hiphop;image_609.jpg
609;hiphop;image_610.jpg
610;hiphop;image_611.jpg
611;hiphop;image_612.jpg
612;hiphop;image_613.jpg
613;hiphop;image_614.jpg
614;hiphop;image_615.jpg
615;hiphop;image_616.jpg
616;hiphop;image_617.jpg
617;hiphop;image_618.jpg
618;hiphop;image_619.jpg
619;hiphop;image_620.jpg
620;hiphop;image_621.jpg
621;hiphop;image_622.jpg
622;hiphop;image_623.jpg
623;hiphop;image_624.jpg
624;hiphop;image_625.jpg
625;hiphop;image_626.jpg
626;hiphop;image_627.jpg
627;hiphop;image_628.jpg
628;hiphop;image_629.jpg
629;hiphop;image_630.jpg
630;hiphop;image_631.jpg
631;hiphop;image_632.jpg
632;hiphop;image_633.jpg
633;hiphop;image_634.jpg
634;hiphop;image_635.jpg
635;hiphop;image_636.jpg
636;hiphop;image_637.jpg
637;hiphop;image_638.jpg
638;hiphop;image_639.jpg
639;hiphop;image_640.jpg
640;hiphop;image_641.jpg
641;hiphop;image_642.jpg
642;hiphop;image_643.jpg
643;hiphop;image_644.jpg
644;hiphop;image_645.jpg
645;hiphop;image_646.jpg
646;hiphop;image_647.jpg
647;hiphop;image_648.jpg
648;hiphop;image_649.jpg
649;hiphop;image_650.jpg
650;hiphop;image_651.jpg
651;hiphop;image_652.jpg
652;hiphop;image_653.jpg
653;hiphop;image_654.jpg
654;hiphop;image_655.jpg
655;hiphop;image_656.jpg
656;hiphop;image_657.jpg
657;hiphop;image_658.jpg
658;hiphop;image_659.jpg
659;hiphop;image_660.jpg
660;hiphop;image_661.jpg
661;hiphop;image_662.jpg
662;hiphop;image_663.jpg
663;hiphop;image_664.jpg
664;hiphop;image_665.jpg
665;hiphop;image_666.jpg
666;hiphop;image_667.jpg
667;hiphop;image_668.jpg
668;hiphop;image_669.jpg
669;hiphop;image_670.jpg
670;hiphop;image_671.jpg
671;hiphop;image_672.jpg
672;hiphop;image_673.jpg
673;hiphop;image_674.jpg
674;hiphop;image_675.jpg
675;hiphop;image_676.jpg
676;hiphop;image_677.jpg
677;hiphop;image_678.jpg
678;hiphop;image_679.jpg
679;hiphop;image_680.jpg
680;hiphop;image_681.jpg
681;hiphop;image_682.jpg
682;hiphop;image_683.jpg
683;hiphop;image_684.jpg
684;hiphop;image_685.jpg
685;hiphop;image_686.jpg
686;hiphop;image_687.jpg
687;hiphop;image_688.jpg
688;hiphop;image_689.jpg
689;hiphop;image_690.jpg
690;hiphop;image_691.jpg
691;hiphop;image_692.jpg
692;hiphop;image_693.jpg
693;hiphop;image_694.jpg
694;hiphop;image_695.jpg
695;hiphop;image_696.jpg
696;hiphop;image_697.jpg
697;hiphop;image_698.jpg
698;hiphop;image_699.jpg
699;hiphop;image_700.jpg
700;hiphop;image_701.jpg
701;hiphop;image_702.jpg
702;hiphop;image_703.jpg
703;hiphop;image_704.jpg
704;hiphop;image_705.jpg
705;hiphop;image_706.jpg
706;hiphop;image_707.jpg
707;hiphop;image_708.jpg
708;hiphop;image_709.jpg
709;hiphop;image_710.jpg
710;hiphop;image_711.jpg
711;hiphop;image_712.jpg
712;hiphop;image_713.jpg
713;hiphop;image_714.jpg
714;hiphop;image_715.jpg
715;hiphop;image_716.jpg
716;hiphop;image_717.jpg
717;hiphop;image_718.jpg
718;hiphop;image_719.jpg
719;hiphop;image_720.jpg
720;hiphop;image_721.jpg
721;hiphop;image_722.jpg
722;hiphop;image_723.jpg
723;hiphop;image_724.jpg
724;hiphop;image_725.jpg
725;hiphop;image_726.jpg
726;hiphop;image_727.jpg
727;hiphop;image_728.jpg
728;hiphop;image_729.jpg
729;hiphop;image_730.jpg
730;hiphop;image_731.jpg
731;hiphop;image_732.jpg
732;hiphop;image_733.jpg
733;hiphop;image_734.jpg
734;hiphop;image_735.jpg
735;hiphop;image_736.jpg
736;hiphop;image_737.jpg
737;hiphop;image_738.jpg
738;hiphop;image_739.jpg
739;hiphop;image_740.jpg
740;hiphop;image_741.jpg
741;hiphop;image_742.jpg
742;hiphop;image_743.jpg
743;hiphop;image_744.jpg
744;hiphop;image_745.jpg
745;hiphop;image_746.jpg
746;hiphop;image_747.jpg
747;hiphop;image_748.jpg
748;hiphop;image_749.jpg
749;hiphop;image_750.jpg
750;hiphop;image_751.jpg
751;hiphop;image_752.jpg
752;hiphop;image_753.jpg
753;hiphop;image_754.jpg
754;hiphop;image_755.jpg
755;hiphop;image_756.jpg
756;hiphop;image_757.jpg
757;hiphop;image_758.jpg
758;hiphop;image_759.jpg
759;hiphop;image_760.jpg
760;hiphop;image_761.jpg
761;hiphop;image_762.jpg
762;hiphop;image_763.jpg
763;hiphop;image_764.jpg
764;hiphop;image_765.jpg
765;hiphop;image_766.jpg
766;hiphop;image_767.jpg
767;hiphop;image_768.jpg
768;hiphop;image_769.jpg
769;hiphop;image_770.jpg
770;hiphop;image_771.jpg
771;hiphop;image_772.jpg
772;hiphop;image_773.jpg
773;hiphop;image_774.jpg
774;hiphop;image_775.jpg
775;hiphop;image_776.jpg
776;hiphop;image_777.jpg
777;hiphop;image_778.jpg
778;hiphop;image_779.jpg
779;hiphop;image_780.jpg
780;hiphop;image_781.jpg
781;hiphop;image_782.jpg
782;hiphop;image_783.jpg
783;hiphop;image_784.jpg
784;hiphop;image_785.jpg
785;hiphop;image_786.jpg
786;hiphop;image_787.jpg
787;hiphop;image_788.jpg
788;hiphop;image_789.jpg
789;hiphop;image_790.jpg
790;hiphop;image_791.jpg
791;hiphop;image_792.jpg
792;hiphop;image_793.jpg
793;hiphop;image_794.jpg
794;hiphop;image_795.jpg
795;hiphop;image_796.jpg
796;hiphop;image_797.jpg
797;hiphop;image_798.jpg
798;hiphop;image_799.jpg
799;hiphop;image_800.jpg
800;electronic;image_801.jpg
801;electronic;image_802.jpg
802;electronic;image_803.jpg
803;electronic;image_804.jpg
804;electronic;image_805.jpg
805;electronic;image_806.jpg
806;electronic;image_807.jpg
807;electronic;image_808.jpg
808;electronic;image_809.jpg
809;electronic;image_810.jpg
810;electronic;image_811.jpg
811;electronic;image_812.jpg
812;electronic;image_813.jpg
813;electronic;image_814.jpg
814;electronic;image_815.jpg
815;electronic;image_816.jpg
816;electronic;image_817.jpg
817;electronic;image_818.jpg
818;electronic;image_819.jpg
819;electronic;image_820.jpg
820;electronic;image_821.jpg
821;electronic;image_822.jpg
822;electronic;image_823.jpg
823;electronic;image_824.jpg
824;electronic;image_825.jpg
825;electronic;image_826.jpg
826;electronic;image_827.jpg
827;electronic;image_828.jpg
828;electronic;image_829.jpg
829;electronic;image_830.jpg
830;electronic;image_831.jpg
831;electronic;image_832.jpg
832;electronic;image_833.jpg
833;electronic;image_834.jpg
834;electronic;image_835.jpg
835;electronic;image_836.jpg
836;electronic;image_837.jpg
837;electronic;image_838.jpg
838;electronic;image_839.jpg
839;electronic;image_840.jpg
840;rock;image_841.jpg
841;rock;image_842.jpg
842;rock;image_843.jpg
843;rock;image_844.jpg
844;rock;image_845.jpg
845;rock;image_846.jpg
846;rock;image_847.jpg
847;rock;image_848.jpg
848;rock;image_849.jpg
849;rock;image_850.jpg
850;rock;image_851.jpg
851;rock;image_852.jpg
852;rock;image_853.jpg
853;rock;image_854.jpg
854;rock;image_855.jpg
855;rock;image_856.jpg
856;rock;image_857.jpg
857;rock;image_858.jpg
858;rock;image_859.jpg
859;rock;image_860.jpg
860;rock;image_861.jpg
861;rock;image_862.jpg
862;rock;image_863.jpg
863;rock;image_864.jpg
864;rock;image_865.jpg
865;rock;image_866.jpg
866;rock;image_867.jpg
867;rock;image_868.jpg
868;rock;image_869.jpg
869;rock;image_870.jpg
870;rock;image_871.jpg
871;rock;image_872.jpg
872;rock;image_873.jpg
873;rock;image_874.jpg
874;rock;image_875.jpg
875;rock;image_876.jpg
876;rock;image_877.jpg
877;rock;image_878.jpg
878;rock;image_879.jpg
879;rock;image_880.jpg
880;hiphop;image_881.jpeg
881;hiphop;image_882.jpeg
882;hiphop;image_883.jpeg
883;hiphop;image_884.jpeg
884;hiphop;image_885.jpeg
885;hiphop;image_886.jpeg
886;hiphop;image_887.jpeg
887;hiphop;image_888.jpeg
888;hiphop;image_889.jpeg
889;hiphop;image_890.jpeg
890;hiphop;image_891.jpeg
891;hiphop;image_892.jpeg
892;hiphop;image_893.jpeg
893;hiphop;image_894.jpeg
894;hiphop;image_895.jpeg
895;hiphop;image_896.jpeg
896;hiphop;image_897.jpeg
897;hiphop;image_898.jpeg
898;hiphop;image_899.jpeg
899;hiphop;image_900.jpeg
900;hiphop;image_901.jpeg
901;hiphop;image_902.jpeg
902;hiphop;image_903.jpeg
903;hiphop;image_904.jpeg
904;hiphop;image_905.jpeg
905;hiphop;image_906.jpeg
906;hiphop;image_907.jpeg
907;hiphop;image_908.jpeg
908;hiphop;image_909.jpeg
909;hiphop;image_910.jpeg
910;hiphop;image_911.jpeg
911;hiphop;image_912.jpeg
912;hiphop;image_913.jpeg
913;hiphop;image_914.jpeg
914;hiphop;image_915.jpeg
915;hiphop;image_916.jpeg
916;hiphop;image_917.jpeg
917;hiphop;image_918.jpeg
918;hiphop;image_919.jpeg
919;hiphop;image_920.jpeg
920;hiphop;image_921.jpg
921;hiphop;image_922.jpg
922;hiphop;image_923.jpg
923;hiphop;image_924.jpg
924;hiphop;image_925.jpg
925;hiphop;image_926.jpg
926;hiphop;image_927.jpg
927;hiphop;image_928.jpg
928;hiphop;image_929.jpg
929;hiphop;image_930.jpg
930;hiphop;image_931.jpg
931;hiphop;image_932.jpg
932;hiphop;image_933.jpg
933;hiphop;image_934.jpg
934;hiphop;image_935.jpg
935;hiphop;image_936.jpg
936;hiphop;image_937.jpg
937;hiphop;image_938.jpg
938;hiphop;image_939.jpg
939;hiphop;image_940.jpg
940;hiphop;image_941.jpg
941;hiphop;image_942.jpg
942;hiphop;image_943.jpg
943;hiphop;image_944.jpg
944;hiphop;image_945.jpg
945;hiphop;image_946.jpg
946;hiphop;image_947.jpg
947;hiphop;image_948.jpg
948;hiphop;image_949.jpg
949;hiphop;image_950.jpg
950;hiphop;image_951.jpg
951;hiphop;image_952.jpg
952;hiphop;image_953.jpg
953;hiphop;image_954.jpg
954;hiphop;image_955.jpg
955;hiphop;image_956.jpg
956;hiphop;image_957.jpg
957;hiphop;image_958.jpg
958;hiphop;image_959.jpg
959;hiphop;image_960.jpg
960;electronic;image_1221.jpeg
961;electronic;image_1222.jpeg
962;electronic;image_1223.jpeg
963;electronic;image_1224.jpeg
964;electronic;image_1225.jpeg
965;electronic;image_1226.jpeg
966;electronic;image_1227.jpeg
967;electronic;image_1228.jpeg
968;electronic;image_1229.jpeg
969;electronic;image_1230.jpeg
970;electronic;image_1231.jpeg
971;electronic;image_1232.jpeg
972;electronic;image_1233.jpeg
973;electronic;image_1234.jpeg
974;electronic;image_1235.jpeg
975;electronic;image_1236.jpeg
976;electronic;image_1237.jpeg
977;electronic;image_1238.jpeg
978;electronic;image_1239.jpeg
979;electronic;image_1240.jpeg
980;electronic;image_1241.jpeg
981;electronic;image_1242.jpeg
982;electronic;image_1243.jpeg
983;electronic;image_1244.jpeg
984;electronic;image_1245.jpeg
985;electronic;image_1246.jpeg
986;electronic;image_1247.jpeg
987;electronic;image_1248.jpeg
988;electronic;image_1249.jpeg
989;electronic;image_1250.jpeg
990;electronic;image_1251.jpeg
991;electronic;image_1252.jpeg
992;electronic;image_1253.jpeg
993;electronic;image_1254.jpeg
994;electronic;image_1255.jpeg
995;electronic;image_1256.jpeg
996;electronic;image_1257.jpeg
997;electronic;image_1258.jpeg
998;electronic;image_1259.jpeg
999;electronic;image_1260.jpeg
1000;electronic;image_1261.jpeg
1001;electronic;image_1262.jpeg
1002;electronic;image_1263.jpeg
1003;electronic;image_1264.jpeg
1004;electronic;image_1265.jpeg
1005;electronic;image_1266.jpeg
1006;electronic;image_1267.jpeg
1007;electronic;image_1268.jpeg
1008;electronic;image_1269.jpeg
1009;electronic;image_1270.jpeg
1010;electronic;image_1271.jpeg
1011;electronic;image_1272.jpeg
1012;electronic;image_1273.jpeg
1013;electronic;image_1274.jpeg
1014;electronic;image_1275.jpeg
1015;electronic;image_1276.jpeg
1016;electronic;image_1277.jpeg
1017;electronic;image_1278.jpeg
1018;electronic;image_1279.jpeg
1019;electronic;image_1280.jpeg
1020;electronic;image_1281.jpeg
1021;electronic;image_1282.jpeg
1022;electronic;image_1283.jpeg
1023;electronic;image_1284.jpeg
1024;electronic;image_1285.jpeg
1025;electronic;image_1286.jpeg
1026;electronic;image_1287.jpeg
1027;electronic;image_1288.jpeg
1028;electronic;image_1289.jpeg
1029;electronic;image_1290.jpeg
1030;electronic;image_1291.jpeg
1031;electronic;image_1292.jpeg
1032;electronic;image_1293.jpeg
1033;electronic;image_1294.jpeg
1034;electronic;image_1295.jpeg
1035;electronic;image_1296.jpeg
1036;electronic;image_1297.jpeg
1037;electronic;image_1298.jpeg
1038;electronic;image_1299.jpeg
1039;electronic;image_1300.jpeg
1040;electronic;image_1301.jpeg
1041;electronic;image_1302.jpeg
1042;electronic;image_1303.jpeg
1043;electronic;image_1304.jpeg
1044;electronic;image_1305.jpeg
1045;electronic;image_1306.jpeg
1046;electronic;image_1307.jpeg
1047;electronic;image_1308.jpeg
1048;electronic;image_1309.jpeg
1049;electronic;image_1310.jpeg
1050;electronic;image_1311.jpeg
1051;electronic;image_1312.jpeg
1052;electronic;image_1313.jpeg
1053;electronic;image_1314.jpeg
1054;electronic;image_1315.jpeg
1055;electronic;image_1316.jpeg
1056;electronic;image_1317.jpeg
1057;electronic;image_1318.jpeg
1058;electronic;image_1319.jpeg
1059;electronic;image_1320.jpeg
1060;electronic;image_1321.jpeg
1061;electronic;image_1322.jpeg
1062;electronic;image_1323.jpeg
1063;electronic;image_1324.jpeg
1064;electronic;image_1325.jpeg
1065;electronic;image_1326.jpeg
1066;electronic;image_1327.jpeg
1067;electronic;image_1328.jpeg
1068;electronic;image_1329.jpeg
1069;electronic;image_1330.jpeg
1070;electronic;image_1331.jpeg
1071;electronic;image_1332.jpeg
1072;electronic;image_1333.jpeg
1073;electronic;image_1334.jpeg
1074;electronic;image_1335.jpeg
1075;electronic;image_1336.jpeg
1076;electronic;image_1337.jpeg
1077;electronic;image_1338.jpeg
1078;electronic;image_1339.jpeg
1079;electronic;image_1340.jpeg
1080;electronic;image_1341.jpeg
1081;electronic;image_1342.jpeg
1082;electronic;image_1343.jpeg
1083;electronic;image_1344.jpeg
1084;electronic;image_1345.jpeg
1085;electronic;image_1346.jpeg
1086;electronic;image_1347.jpeg
1087;electronic;image_1348.jpeg
1088;electronic;image_1349.jpeg
1089;electronic;image_1350.jpeg
1090;electronic;image_1351.jpeg
1091;electronic;image_1352.jpeg
1092;electronic;image_1353.jpeg
1093;electronic;image_1354.jpeg
1094;electronic;image_1355.jpeg
1095;electronic;image_1356.jpeg
1096;electronic;image_1357.jpeg
1097;electronic;image_1358.jpeg
1098;electronic;image_1359.jpeg
1099;electronic;image_1360.jpeg
1100;electronic;image_1361.jpeg
1101;electronic;image_1362.jpeg
1102;electronic;image_1363.jpeg
1103;electronic;image_1364.jpeg
1104;electronic;image_1365.jpeg
1105;electronic;image_1366.jpeg
1106;electronic;image_1367.jpeg
1107;electronic;image_1368.jpeg
1108;electronic;image_1369.jpeg
1109;electronic;image_1370.jpeg
1110;electronic;image_1371.jpeg
1111;electronic;image_1372.jpeg
1112;electronic;image_1373.jpeg
1113;electronic;image_1374.jpeg
1114;electronic;image_1375.jpeg
1115;electronic;image_1376.jpeg
1116;electronic;image_1377.jpeg
1117;electronic;image_1378.jpeg
1118;electronic;image_1379.jpeg
1119;electronic;image_1380.jpeg
1120;electronic;image_1381.jpeg
1121;electronic;image_1382.jpeg
1122;electronic;image_1383.jpeg
1123;electronic;image_1384.jpeg
1124;electronic;image_1385.jpeg
1125;electronic;image_1386.jpeg
1126;electronic;image_1387.jpeg
1127;electronic;image_1388.jpeg
1128;electronic;image_1389.jpeg
1129;electronic;image_1390.jpeg
1130;electronic;image_1391.jpeg
1131;electronic;image_1392.jpeg
1132;electronic;image_1393.jpeg
1133;electronic;image_1394.jpeg
1134;electronic;image_1395.jpeg
1135;electronic;image_1396.jpeg
1136;electronic;image_1397.jpeg
1137;electronic;image_1398.jpeg
1138;electronic;image_1399.jpeg
1139;electronic;image_1400.jpeg
1140;electronic;image_1401.jpeg
1141;electronic;image_1402.jpeg
1142;electronic;image_1403.jpeg
1143;electronic;image_1404.jpeg
1144;electronic;image_1405.jpeg
1145;electronic;image_1406.jpeg
1146;electronic;image_1407.jpeg
1147;electronic;image_1408.jpeg
1148;electronic;image_1409.jpeg
1149;electronic;image_1410.jpeg
1150;electronic;image_1411.jpeg
1151;electronic;image_1412.jpeg
1152;electronic;image_1413.jpeg
1153;electronic;image_1414.jpeg
1154;electronic;image_1415.jpeg
1155;electronic;image_1416.jpeg
1156;electronic;image_1417.jpeg
1157;electronic;image_1418.jpeg
1158;electronic;image_1419.jpeg
1159;electronic;image_1420.jpeg
1160;electronic;image_1421.jpeg
1161;electronic;image_1422.jpeg
1162;electronic;image_1423.jpeg
1163;electronic;image_1424.jpeg
1164;electronic;image_1425.jpeg
1165;electronic;image_1426.jpeg
1166;electronic;image_1427.jpeg
1167;electronic;image_1428.jpeg
1168;electronic;image_1429.jpeg
1169;electronic;image_1430.jpeg
1170;electronic;image_1431.jpeg
1171;electronic;image_1432.jpeg
1172;electronic;image_1433.jpeg
1173;electronic;image_1434.jpeg
1174;electronic;image_1435.jpeg
1175;electronic;image_1436.jpeg
1176;electronic;image_1437.jpeg
1177;electronic;image_1438.jpeg
1178;electronic;image_1439.jpeg
1179;electronic;image_1440.jpeg
1180;electronic;image_1441.jpeg
1181;electronic;image_1442.jpeg
1182;electronic;image_1443.jpeg
1183;electronic;image_1444.jpeg
1184;electronic;image_1445.jpeg
1185;electronic;image_1446.jpeg
1186;electronic;image_1447.jpeg
1187;electronic;image_1448.jpeg
1188;electronic;image_1449.jpeg
1189;electronic;image_1450.jpeg
1190;electronic;image_1451.jpeg
1191;electronic;image_1452.jpeg
1192;electronic;image_1453.jpeg
1193;electronic;image_1454.jpeg
1194;electronic;image_1455.jpeg
1195;electronic;image_1456.jpeg
1196;electronic;image_1457.jpeg
1197;electronic;image_1458.jpeg
1198;electronic;image_1459.jpeg
1199;electronic;image_1460.jpeg
1200;electronic;image_1461.jpeg
1201;electronic;image_1462.jpeg
1202;electronic;image_1463.jpeg
1203;electronic;image_1464.jpeg
1204;electronic;image_1465.jpeg
1205;electronic;image_1466.jpeg
1206;electronic;image_1467.jpeg
1207;electronic;image_1468.jpeg
1208;electronic;image_1469.jpeg
1209;electronic;image_1470.jpeg
1210;electronic;image_1471.jpeg
1211;electronic;image_1472.jpeg
1212;electronic;image_1473.jpeg
1213;electronic;image_1474.jpeg
1214;electronic;image_1475.jpeg
1215;electronic;image_1476.jpeg
1216;electronic;image_1477.jpeg
1217;electronic;image_1478.jpeg
1218;electronic;image_1479.jpeg
1219;electronic;image_1480.jpeg
1220;electronic;image_1481.jpeg
1221;electronic;image_1482.jpeg
1222;electronic;image_1483.jpeg
1223;electronic;image_1484.jpeg
1224;electronic;image_1485.jpeg
1225;electronic;image_1486.jpeg
1226;electronic;image_1487.jpeg
1227;electronic;image_1488.jpeg
1228;electronic;image_1489.jpeg
1229;electronic;image_1490.jpeg
1230;electronic;image_1491.jpeg
1231;electronic;image_1492.jpeg
1232;electronic;image_1493.jpeg
1233;electronic;image_1494.jpeg
1234;electronic;image_1495.jpeg
1235;electronic;image_1496.jpeg
1236;electronic;image_1497.jpeg
1237;electronic;image_1498.jpeg
1238;electronic;image_1499.jpeg
1239;electronic;image_1500.jpeg
1240;electronic;image_1501.jpeg
1241;electronic;image_1502.jpeg
1242;electronic;image_1503.jpeg
1243;electronic;image_1504.jpeg
1244;electronic;image_1505.jpeg
1245;electronic;image_1506.jpeg
1246;electronic;image_1507.jpeg
1247;electronic;image_1508.jpeg
1248;electronic;image_1509.jpeg
1249;electronic;image_1510.jpeg
1250;electronic;image_1511.jpeg
1251;electronic;image_1512.jpeg
1252;electronic;image_1513.jpeg
1253;electronic;image_1514.jpeg
1254;electronic;image_1515.jpeg
1255;electronic;image_1516.jpeg
1256;electronic;image_1517.jpeg
1257;electronic;image_1518.jpeg
1258;electronic;image_1519.jpeg
1259;electronic;image_1520.jpeg
1260;electronic;image_1521.jpeg
1261;electronic;image_1522.jpeg
1262;electronic;image_1523.jpeg
1263;electronic;image_1524.jpeg
1264;electronic;image_1525.jpeg
1265;electronic;image_1526.jpeg
1266;electronic;image_1527.jpeg
1267;electronic;image_1528.jpeg
1268;electronic;image_1529.jpeg
1269;electronic;image_1530.jpeg
1270;electronic;image_1531.jpeg
1271;electronic;image_1532.jpeg
1272;electronic;image_1533.jpeg
1273;electronic;image_1534.jpeg
1274;electronic;image_1535.jpeg
1275;electronic;image_1536.jpeg
1276;electronic;image_1537.jpeg
1277;electronic;image_1538.jpeg
1278;electronic;image_1539.jpeg
1279;electronic;image_1540.jpeg
1280;electronic;image_1541.jpeg
1281;electronic;image_1542.jpeg
1282;electronic;image_1543.jpeg
1283;electronic;image_1544.jpeg
1284;electronic;image_1545.jpeg
1285;electronic;image_1546.jpeg
1286;electronic;image_1547.jpeg
1287;electronic;image_1548.jpeg
1288;electronic;image_1549.jpeg
1289;electronic;image_1550.jpeg
1290;electronic;image_1551.jpeg
1291;electronic;image_1552.jpeg
1292;electronic;image_1553.jpeg
1293;electronic;image_1554.jpeg
1294;electronic;image_1555.jpeg
1295;electronic;image_1556.jpeg
1296;electronic;image_1557.jpeg
1297;electronic;image_1558.jpeg
1298;electronic;image_1559.jpeg
1299;electronic;image_1560.jpeg
1300;electronic;image_1561.jpeg
1301;electronic;image_1562.jpeg
1302;electronic;image_1563.jpeg
1303;electronic;image_1564.jpeg
1304;electronic;image_1565.jpeg
1305;electronic;image_1566.jpeg
1306;electronic;image_1567.jpeg
1307;electronic;image_1568.jpeg
1308;electronic;image_1569.jpeg
1309;electronic;image_1570.jpeg
1310;electronic;image_1571.jpeg
1311;electronic;image_1572.jpeg
1312;electronic;image_1573.jpeg
1313;electronic;image_1574.jpeg
1314;electronic;image_1575.jpeg
1315;electronic;image_1576.jpeg
1316;electronic;image_1577.jpeg
1317;electronic;image_1578.jpeg
1318;electronic;image_1579.jpeg
1319;electronic;image_1580.jpeg
1320;electronic;image_1581.jpeg
1321;electronic;image_1582.jpeg
1322;electronic;image_1583.jpeg
1323;electronic;image_1584.jpeg
1324;electronic;image_1585.jpeg
1325;electronic;image_1586.jpeg
1326;electronic;image_1587.jpeg
1327;electronic;image_1588.jpeg
1328;electronic;image_1589.jpeg
1329;electronic;image_1590.jpeg
1330;electronic;image_1591.jpeg
1331;electronic;image_1592.jpeg
1332;electronic;image_1593.jpeg
1333;electronic;image_1594.jpeg
1334;electronic;image_1595.jpeg
1335;electronic;image_1596.jpeg
1336;electronic;image_1597.jpeg
1337;electronic;image_1598.jpeg
1338;electronic;image_1599.jpeg
1339;electronic;image_1600.jpeg
1340;electronic;image_1601.jpeg
1341;electronic;image_1602.jpeg
1342;electronic;image_1603.jpeg
1343;electronic;image_1604.jpeg
1344;electronic;image_1605.jpeg
1345;electronic;image_1606.jpeg
1346;electronic;image_1607.jpeg
1347;electronic;image_1608.jpeg
1348;electronic;image_1609.jpeg
1349;electronic;image_1610.jpeg
1350;electronic;image_1611.jpeg
1351;electronic;image_1612.jpeg
1352;electronic;image_1613.jpeg
1353;electronic;image_1614.jpeg
1354;electronic;image_1615.jpeg
1355;electronic;image_1616.jpeg
1356;electronic;image_1617.jpeg
1357;electronic;image_1618.jpeg
1358;electronic;image_1619.jpeg
1359;electronic;image_1620.jpeg
1360;electronic;image_1621.jpeg
1361;electronic;image_1622.jpeg
1362;electronic;image_1623.jpeg
1363;electronic;image_1624.jpeg
1364;electronic;image_1625.jpeg
1365;electronic;image_1626.jpeg
1366;electronic;image_1627.jpeg
1367;electronic;image_1628.jpeg
1368;electronic;image_1629.jpeg
1369;electronic;image_1630.jpeg
1370;electronic;image_1631.jpeg
1371;electronic;image_1632.jpeg
1372;electronic;image_1633.jpeg
1373;electronic;image_1634.jpeg
1374;electronic;image_1635.jpeg
1375;electronic;image_1636.jpeg
1376;electronic;image_1637.jpeg
1377;electronic;image_1638.jpeg
1378;electronic;image_1639.jpeg
1379;electronic;image_1640.jpeg
1380;electronic;image_1641.jpeg
1381;electronic;image_1642.jpeg
1382;electronic;image_1643.jpeg
1383;electronic;image_1644.jpeg
1384;electronic;image_1645.jpeg
1385;electronic;image_1646.jpeg
1386;electronic;image_1647.jpeg
1387;electronic;image_1648.jpeg
1388;electronic;image_1649.jpeg
1389;electronic;image_1650.jpeg
1390;electronic;image_1651.jpeg
1391;electronic;image_1652.jpeg
1392;electronic;image_1653.jpeg
1393;electronic;image_1654.jpeg
1394;electronic;image_1655.jpeg
1395;electronic;image_1656.jpeg
1396;electronic;image_1657.jpeg
1397;electronic;image_1658.jpeg
1398;electronic;image_1659.jpeg
1399;electronic;image_1660.jpeg
1400;electronic;image_1661.jpeg
1401;electronic;image_1662.jpeg
1402;electronic;image_1663.jpeg
1403;electronic;image_1664.jpeg
1404;electronic;image_1665.jpeg
1405;electronic;image_1666.jpeg
1406;electronic;image_1667.jpeg
1407;electronic;image_1668.jpeg
1408;electronic;image_1669.jpeg
1409;electronic;image_1670.jpeg
1410;electronic;image_1671.jpeg
1411;electronic;image_1672.jpeg
1412;electronic;image_1673.jpeg
1413;electronic;image_1674.jpeg
1414;electronic;image_1675.jpeg
1415;electronic;image_1676.jpeg
1416;electronic;image_1677.jpeg
1417;electronic;image_1678.jpeg
1418;electronic;image_1679.jpeg
1419;electronic;image_1680.jpeg
1420;electronic;image_1681.jpeg
1421;electronic;image_1682.jpeg
1422;electronic;image_1683.jpeg
1423;electronic;image_1684.jpeg
1424;electronic;image_1685.jpeg
1425;electronic;image_1686.jpeg
1426;electronic;image_1687.jpeg
1427;electronic;image_1688.jpeg
1428;electronic;image_1689.jpeg
1429;electronic;image_1690.jpeg
1430;electronic;image_1691.jpeg
1431;electronic;image_1692.jpeg
1432;electronic;image_1693.jpeg
1433;electronic;image_1694.jpeg
1434;electronic;image_1695.jpeg
1435;electronic;image_1696.jpeg
1436;electronic;image_1697.jpeg
1437;electronic;image_1698.jpeg
1438;electronic;image_1699.jpeg
1439;electronic;image_1700.jpeg
1440;rock;image_1821.jpeg
1441;rock;image_1822.jpeg
1442;rock;image_1823.jpeg
1443;rock;image_1824.jpeg
1444;rock;image_1825.jpeg
1445;rock;image_1826.jpeg
1446;rock;image_1827.jpeg
1447;rock;image_1828.jpeg
1448;rock;image_1829.jpeg
1449;rock;image_1830.jpeg
1450;rock;image_1831.jpeg
1451;rock;image_1832.jpeg
1452;rock;image_1833.jpeg
1453;rock;image_1834.jpeg
1454;rock;image_1835.jpeg
1455;rock;image_1836.jpeg
1456;rock;image_1837.jpeg
1457;rock;image_1838.jpeg
1458;rock;image_1839.jpeg
1459;rock;image_1840.jpeg
1460;rock;image_1841.jpeg
1461;rock;image_1842.jpeg
1462;rock;image_1843.jpeg
1463;rock;image_1844.jpeg
1464;rock;image_1845.jpeg
1465;rock;image_1846.jpeg
1466;rock;image_1847.jpeg
1467;rock;image_1848.jpeg
1468;rock;image_1849.jpeg
1469;rock;image_1850.jpeg
1470;rock;image_1851.jpeg
1471;rock;image_1852.jpeg
1472;rock;image_1853.jpeg
1473;rock;image_1854.jpeg
1474;rock;image_1855.jpeg
1475;rock;image_1856.jpeg
1476;rock;image_1857.jpeg
1477;rock;image_1858.jpeg
1478;rock;image_1859.jpeg
1479;rock;image_1860.jpeg
1480;rock;image_1861.jpeg
1481;rock;image_1862.jpeg
1482;rock;image_1863.jpeg
1483;rock;image_1864.jpeg
1484;rock;image_1865.jpeg
1485;rock;image_1866.jpeg
1486;rock;image_1867.jpeg
1487;rock;image_1868.jpeg
1488;rock;image_1869.jpeg
1489;rock;image_1870.jpeg
1490;rock;image_1871.jpeg
1491;rock;image_1872.jpeg
1492;rock;image_1873.jpeg
1493;rock;image_1874.jpeg
1494;rock;image_1875.jpeg
1495;rock;image_1876.jpeg
1496;rock;image_1877.jpeg
1497;rock;image_1878.jpeg
1498;rock;image_1879.jpeg
1499;rock;image_1880.jpeg
1500;rock;image_1881.jpeg
1501;rock;image_1882.jpeg
1502;rock;image_1883.jpeg
1503;rock;image_1884.jpeg
1504;rock;image_1885.jpeg
1505;rock;image_1886.jpeg
1506;rock;image_1887.jpeg
1507;rock;image_1888.jpeg
1508;rock;image_1889.jpeg
1509;rock;image_1890.jpeg
1510;rock;image_1891.jpeg
1511;rock;image_1892.jpeg
1512;rock;image_1893.jpeg
1513;rock;image_1894.jpeg
1514;rock;image_1895.jpeg
1515;rock;image_1896.jpeg
1516;rock;image_1897.jpeg
1517;rock;image_1898.jpeg
1518;rock;image_1899.jpeg
1519;rock;image_1900.jpeg
1520;rock;image_1901.jpeg
1521;rock;image_1902.jpeg
1522;rock;image_1903.jpeg
1523;rock;image_1904.jpeg
1524;rock;image_1905.jpeg
1525;rock;image_1906.jpeg
1526;rock;image_1907.jpeg
1527;rock;image_1908.jpeg
1528;rock;image_1909.jpeg
1529;rock;image_1910.jpeg
1530;rock;image_1911.jpeg
1531;rock;image_1912.jpeg
1532;rock;image_1913.jpeg
1533;rock;image_1914.jpeg
1534;rock;image_1915.jpeg
1535;rock;image_1916.jpeg
1536;rock;image_1917.jpeg
1537;rock;image_1918.jpeg
1538;rock;image_1919.jpeg
1539;rock;image_1920.jpeg
1540;rock;image_1921.jpeg
1541;rock;image_1922.jpeg
1542;rock;image_1923.jpeg
1543;rock;image_1924.jpeg
1544;rock;image_1925.jpeg
1545;rock;image_1926.jpeg
1546;rock;image_1927.jpeg
1547;rock;image_1928.jpeg
1548;rock;image_1929.jpeg
1549;rock;image_1930.jpeg
1550;rock;image_1931.jpeg
1551;rock;image_1932.jpeg
1552;rock;image_1933.jpeg
1553;rock;image_1934.jpeg
1554;rock;image_1935.jpeg
1555;rock;image_1936.jpeg
1556;rock;image_1937.jpeg
1557;rock;image_1938.jpeg
1558;rock;image_1939.jpeg
1559;rock;image_1940.jpeg
1560;rock;image_1941.jpeg
1561;rock;image_1942.jpeg
1562;rock;image_1943.jpeg
1563;rock;image_1944.jpeg
1564;rock;image_1945.jpeg
1565;rock;image_1946.jpeg
1566;rock;image_1947.jpeg
1567;rock;image_1948.jpeg
1568;rock;image_1949.jpeg
1569;rock;image_1950.jpeg
1570;rock;image_1951.jpeg
1571;rock;image_1952.jpeg
1572;rock;image_1953.jpeg
1573;rock;image_1954.jpeg
1574;rock;image_1955.jpeg
1575;rock;image_1956.jpeg
1576;rock;image_1957.jpeg
1577;rock;image_1958.jpeg
1578;rock;image_1959.jpeg
1579;rock;image_1960.jpeg
1580;rock;image_1961.jpeg
1581;rock;image_1962.jpeg
1582;rock;image_1963.jpeg
1583;rock;image_1964.jpeg
1584;rock;image_1965.jpeg
1585;rock;image_1966.jpeg
1586;rock;image_1967.jpeg
1587;rock;image_1968.jpeg
1588;rock;image_1969.jpeg
1589;rock;image_1970.jpeg
1590;rock;image_1971.jpeg
1591;rock;image_1972.jpeg
1592;rock;image_1973.jpeg
1593;rock;image_1974.jpeg
1594;rock;image_1975.jpeg
1595;rock;image_1976.jpeg
1596;rock;image_1977.jpeg
1597;rock;image_1978.jpeg
1598;rock;image_1979.jpeg
1599;rock;image_1980.jpeg
1600;rock;image_1981.jpeg
1601;rock;image_1982.jpeg
1602;rock;image_1983.jpeg
1603;rock;image_1984.jpeg
1604;rock;image_1985.jpeg
1605;rock;image_1986.jpeg
1606;rock;image_1987.jpeg
1607;rock;image_1988.jpeg
1608;rock;image_1989.jpeg
1609;rock;image_1990.jpeg
1610;rock;image_1991.jpeg
1611;rock;image_1992.jpeg
1612;rock;image_1993.jpeg
1613;rock;image_1994.jpeg
1614;rock;image_1995.jpeg
1615;rock;image_1996.jpeg
1616;rock;image_1997.jpeg
1617;rock;image_1998.jpeg
1618;rock;image_1999.jpeg
1619;rock;image_2000.jpeg
1620;rock;image_2001.jpeg
1621;rock;image_2002.jpeg
1622;rock;image_2003.jpeg
1623;rock;image_2004.jpeg
1624;rock;image_2005.jpeg
1625;rock;image_2006.jpeg
1626;rock;image_2007.jpeg
1627;rock;image_2008.jpeg
1628;rock;image_2009.jpeg
1629;rock;image_2010.jpeg
1630;rock;image_2011.jpeg
1631;rock;image_2012.jpeg
1632;rock;image_2013.jpeg
1633;rock;image_2014.jpeg
1634;rock;image_2015.jpeg
1635;rock;image_2016.jpeg
1636;rock;image_2017.jpeg
1637;rock;image_2018.jpeg
1638;rock;image_2019.jpeg
1639;rock;image_2020.jpeg
1640;rock;image_2021.jpeg
1641;rock;image_2022.jpeg
1642;rock;image_2023.jpeg
1643;rock;image_2024.jpeg
1644;rock;image_2025.jpeg
1645;rock;image_2026.jpeg
1646;rock;image_2027.jpeg
1647;rock;image_2028.jpeg
1648;rock;image_2029.jpeg
1649;rock;image_2030.jpeg
1650;rock;image_2031.jpeg
1651;rock;image_2032.jpeg
1652;rock;image_2033.jpeg
1653;rock;image_2034.jpeg
1654;rock;image_2035.jpeg
1655;rock;image_2036.jpeg
1656;rock;image_2037.jpeg
1657;rock;image_2038.jpeg
1658;rock;image_2039.jpeg
1659;rock;image_2040.jpeg
1660;rock;image_2041.jpeg
1661;rock;image_2042.jpeg
1662;rock;image_2043.jpeg
1663;rock;image_2044.jpeg
1664;rock;image_2045.jpeg
1665;rock;image_2046.jpeg
1666;rock;image_2047.jpeg
1667;rock;image_2048.jpeg
1668;rock;image_2049.jpeg
1669;rock;image_2050.jpeg
1670;rock;image_2051.jpeg
1671;rock;image_2052.jpeg
1672;rock;image_2053.jpeg
1673;rock;image_2054.jpeg
1674;rock;image_2055.jpeg
1675;rock;image_2056.jpeg
1676;rock;image_2057.jpeg
1677;rock;image_2058.jpeg
1678;rock;image_2059.jpeg
1679;rock;image_2060.jpeg
1680;rock;image_2061.jpeg
1681;rock;image_2062.jpeg
1682;rock;image_2063.jpeg
1683;rock;image_2064.jpeg
1684;rock;image_2065.jpeg
1685;rock;image_2066.jpeg
1686;rock;image_2067.jpeg
1687;rock;image_2068.jpeg
1688;rock;image_2069.jpeg
1689;rock;image_2070.jpeg
1690;rock;image_2071.jpeg
1691;rock;image_2072.jpeg
1692;rock;image_2073.jpeg
1693;rock;image_2074.jpeg
1694;rock;image_2075.jpeg
1695;rock;image_2076.jpeg
1696;rock;image_2077.jpeg
1697;rock;image_2078.jpeg
1698;rock;image_2079.jpeg
1699;rock;image_2080.jpeg
1700;rock;image_2081.jpeg
1701;rock;image_2082.jpeg
1702;rock;image_2083.jpeg
1703;rock;image_2084.jpeg
1704;rock;image_2085.jpeg
1705;rock;image_2086.jpeg
1706;rock;image_2087.jpeg
1707;rock;image_2088.jpeg
1708;rock;image_2089.jpeg
1709;rock;image_2090.jpeg
1710;rock;image_2091.jpeg
1711;rock;image_2092.jpeg
1712;rock;image_2093.jpeg
1713;rock;image_2094.jpeg
1714;rock;image_2095.jpeg
1715;rock;image_2096.jpeg
1716;rock;image_2097.jpeg
1717;rock;image_2098.jpeg
1718;rock;image_2099.jpeg
1719;rock;image_2100.jpeg
1720;rock;image_2101.jpeg
1721;rock;image_2102.jpeg
1722;rock;image_2103.jpeg
1723;rock;image_2104.jpeg
1724;rock;image_2105.jpeg
1725;rock;image_2106.jpeg
1726;rock;image_2107.jpeg
1727;rock;image_2108.jpeg
1728;rock;image_2109.jpeg
1729;rock;image_2110.jpeg
1730;rock;image_2111.jpeg
1731;rock;image_2112.jpeg
1732;rock;image_2113.jpeg
1733;rock;image_2114.jpeg
1734;rock;image_2115.jpeg
1735;rock;image_2116.jpeg
1736;rock;image_2117.jpeg
1737;rock;image_2118.jpeg
1738;rock;image_2119.jpeg
1739;rock;image_2120.jpeg
1740;rock;image_2121.jpeg
1741;rock;image_2122.jpeg
1742;rock;image_2123.jpeg
1743;rock;image_2124.jpeg
1744;rock;image_2125.jpeg
1745;rock;image_2126.jpeg
1746;rock;image_2127.jpeg
1747;rock;image_2128.jpeg
1748;rock;image_2129.jpeg
1749;rock;image_2130.jpeg
1750;rock;image_2131.jpeg
1751;rock;image_2132.jpeg
1752;rock;image_2133.jpeg
1753;rock;image_2134.jpeg
1754;rock;image_2135.jpeg
1755;rock;image_2136.jpeg
1756;rock;image_2137.jpeg
1757;rock;image_2138.jpeg
1758;rock;image_2139.jpeg
1759;rock;image_2140.jpeg
1760;rock;image_2141.jpeg
1761;rock;image_2142.jpeg
1762;rock;image_2143.jpeg
1763;rock;image_2144.jpeg
1764;rock;image_2145.jpeg
1765;rock;image_2146.jpeg
1766;rock;image_2147.jpeg
1767;rock;image_2148.jpeg
1768;rock;image_2149.jpeg
1769;rock;image_2150.jpeg
1770;rock;image_2151.jpeg
1771;rock;image_2152.jpeg
1772;rock;image_2153.jpeg
1773;rock;image_2154.jpeg
1774;rock;image_2155.jpeg
1775;rock;image_2156.jpeg
1776;rock;image_2157.jpeg
1777;rock;image_2158.jpeg
1778;rock;image_2159.jpeg
1779;rock;image_2160.jpeg
1780;rock;image_2161.jpeg
1781;rock;image_2162.jpeg
1782;rock;image_2163.jpeg
1783;rock;image_2164.jpeg
1784;rock;image_2165.jpeg
1785;rock;image_2166.jpeg
1786;rock;image_2167.jpeg
1787;rock;image_2168.jpeg
1788;rock;image_2169.jpeg
1789;rock;image_2170.jpeg
1790;rock;image_2171.jpeg
1791;rock;image_2172.jpeg
1792;rock;image_2173.jpeg
1793;rock;image_2174.jpeg
1794;rock;image_2175.jpeg
1795;rock;image_2176.jpeg
1796;rock;image_2177.jpeg
1797;rock;image_2178.jpeg
1798;rock;image_2179.jpeg
1799;rock;image_2180.jpeg
1800;rock;image_2181.jpeg
1801;rock;image_2182.jpeg
1802;rock;image_2183.jpeg
1803;rock;image_2184.jpeg
1804;rock;image_2185.jpeg
1805;rock;image_2186.jpeg
1806;rock;image_2187.jpeg
1807;rock;image_2188.jpeg
1808;rock;image_2189.jpeg
1809;rock;image_2190.jpeg
1810;rock;image_2191.jpeg
1811;rock;image_2192.jpeg
1812;rock;image_2193.jpeg
1813;rock;image_2194.jpeg
1814;rock;image_2195.jpeg
1815;rock;image_2196.jpeg
1816;rock;image_2197.jpeg
1817;rock;image_2198.jpeg
1818;rock;image_2199.jpeg
1819;rock;image_2200.jpeg
1820;rock;image_2201.jpeg
1821;rock;image_2202.jpeg
1822;rock;image_2203.jpeg
1823;rock;image_2204.jpeg
1824;rock;image_2205.jpeg
1825;rock;image_2206.jpeg
1826;rock;image_2207.jpeg
1827;rock;image_2208.jpeg
1828;rock;image_2209.jpeg
1829;rock;image_2210.jpeg
1830;rock;image_2211.jpeg
1831;rock;image_2212.jpeg
1832;rock;image_2213.jpeg
1833;rock;image_2214.jpeg
1834;rock;image_2215.jpeg
1835;rock;image_2216.jpeg
1836;rock;image_2217.jpeg
1837;rock;image_2218.jpeg
1838;rock;image_2219.jpeg
1839;rock;image_2220.jpeg
1840;rock;image_2221.jpeg
1841;rock;image_2222.jpeg
1842;rock;image_2223.jpeg
1843;rock;image_2224.jpeg
1844;rock;image_2225.jpeg
1845;rock;image_2226.jpeg
1846;rock;image_2227.jpeg
1847;rock;image_2228.jpeg
1848;rock;image_2229.jpeg
1849;rock;image_2230.jpeg
1850;rock;image_2231.jpeg
1851;rock;image_2232.jpeg
1852;rock;image_2233.jpeg
1853;rock;image_2234.jpeg
1854;rock;image_2235.jpeg
1855;rock;image_2236.jpeg
1856;rock;image_2237.jpeg
1857;rock;image_2238.jpeg
1858;rock;image_2239.jpeg
1859;rock;image_2240.jpeg
1860;rock;image_2241.jpeg
1861;rock;image_2242.jpeg
1862;rock;image_2243.jpeg
1863;rock;image_2244.jpeg
1864;rock;image_2245.jpeg
1865;rock;image_2246.jpeg
1866;rock;image_2247.jpeg
1867;rock;image_2248.jpeg
1868;rock;image_2249.jpeg
1869;rock;image_2250.jpeg
1870;rock;image_2251.jpeg
1871;rock;image_2252.jpeg
1872;rock;image_2253.jpeg
1873;rock;image_2254.jpeg
1874;rock;image_2255.jpeg
1875;rock;image_2256.jpeg
1876;rock;image_2257.jpeg
1877;rock;image_2258.jpeg
1878;rock;image_2259.jpeg
1879;rock;image_2260.jpeg
1880;rock;image_2261.jpeg
1881;rock;image_2262.jpeg
1882;rock;image_2263.jpeg
1883;rock;image_2264.jpeg
1884;rock;image_2265.jpeg
1885;rock;image_2266.jpeg
1886;rock;image_2267.jpeg
1887;rock;image_2268.jpeg
1888;rock;image_2269.jpeg
1889;rock;image_2270.jpeg
1890;rock;image_2271.jpeg
1891;rock;image_2272.jpeg
1892;rock;image_2273.jpeg
1893;rock;image_2274.jpeg
1894;rock;image_2275.jpeg
1895;rock;image_2276.jpeg
1896;rock;image_2277.jpeg
1897;rock;image_2278.jpeg
1898;rock;image_2279.jpeg
1899;rock;image_2280.jpeg
1900;rock;image_2281.jpeg
1901;rock;image_2282.jpeg
1902;rock;image_2283.jpeg
1903;rock;image_2284.jpeg
1904;rock;image_2285.jpeg
1905;rock;image_2286.jpeg
1906;rock;image_2287.jpeg
1907;rock;image_2288.jpeg
1908;rock;image_2289.jpeg
1909;rock;image_2290.jpeg
1910;rock;image_2291.jpeg
1911;rock;image_2292.jpeg
1912;rock;image_2293.jpeg
1913;rock;image_2294.jpeg
1914;rock;image_2295.jpeg
1915;rock;image_2296.jpeg
1916;rock;image_2297.jpeg
1917;rock;image_2298.jpeg
1918;rock;image_2299.jpeg
1919;rock;image_2300.jpeg
1920;hiphop;image_2421.jpeg
1921;hiphop;image_2422.jpeg
1922;hiphop;image_2423.jpeg
1923;hiphop;image_2424.jpeg
1924;hiphop;image_2425.jpeg
1925;hiphop;image_2426.jpeg
1926;hiphop;image_2427.jpeg
1927;hiphop;image_2428.jpeg
1928;hiphop;image_2429.jpeg
1929;hiphop;image_2430.jpeg
1930;hiphop;image_2431.jpeg
1931;hiphop;image_2432.jpeg
1932;hiphop;image_2433.jpeg
1933;hiphop;image_2434.jpeg
1934;hiphop;image_2435.jpeg
1935;hiphop;image_2436.jpeg
1936;hiphop;image_2437.jpeg
1937;hiphop;image_2438.jpeg
1938;hiphop;image_2439.jpeg
1939;hiphop;image_2440.jpeg
1940;hiphop;image_2441.jpeg
1941;hiphop;image_2442.jpeg
1942;hiphop;image_2443.jpeg
1943;hiphop;image_2444.jpeg
1944;hiphop;image_2445.jpeg
1945;hiphop;image_2446.jpeg
1946;hiphop;image_2447.jpeg
1947;hiphop;image_2448.jpeg
1948;hiphop;image_2449.jpeg
1949;hiphop;image_2450.jpeg
1950;hiphop;image_2451.jpeg
1951;hiphop;image_2452.jpeg
1952;hiphop;image_2453.jpeg
1953;hiphop;image_2454.jpeg
1954;hiphop;image_2455.jpeg
1955;hiphop;image_2456.jpeg
1956;hiphop;image_2457.jpeg
1957;hiphop;image_2458.jpeg
1958;hiphop;image_2459.jpeg
1959;hiphop;image_2460.jpeg
1960;hiphop;image_2461.jpeg
1961;hiphop;image_2462.jpeg
1962;hiphop;image_2463.jpeg
1963;hiphop;image_2464.jpeg
1964;hiphop;image_2465.jpeg
1965;hiphop;image_2466.jpeg
1966;hiphop;image_2467.jpeg
1967;hiphop;image_2468.jpeg
1968;hiphop;image_2469.jpeg
1969;hiphop;image_2470.jpeg
1970;hiphop;image_2471.jpeg
1971;hiphop;image_2472.jpeg
1972;hiphop;image_2473.jpeg
1973;hiphop;image_2474.jpeg
1974;hiphop;image_2475.jpeg
1975;hiphop;image_2476.jpeg
1976;hiphop;image_2477.jpeg
1977;hiphop;image_2478.jpeg
1978;hiphop;image_2479.jpeg
1979;hiphop;image_2480.jpeg
1980;hiphop;image_2481.jpeg
1981;hiphop;image_2482.jpeg
1982;hiphop;image_2483.jpeg
1983;hiphop;image_2484.jpeg
1984;hiphop;image_2485.jpeg
1985;hiphop;image_2486.jpeg
1986;hiphop;image_2487.jpeg
1987;hiphop;image_2488.jpeg
1988;hiphop;image_2489.jpeg
1989;hiphop;image_2490.jpeg
1990;hiphop;image_2491.jpeg
1991;hiphop;image_2492.jpeg
1992;hiphop;image_2493.jpeg
1993;hiphop;image_2494.jpeg
1994;hiphop;image_2495.jpeg
1995;hiphop;image_2496.jpeg
1996;hiphop;image_2497.jpeg
1997;hiphop;image_2498.jpeg
1998;hiphop;image_2499.jpeg
1999;hiphop;image_2500.jpeg
2000;hiphop;image_2501.jpeg
2001;hiphop;image_2502.jpeg
2002;hiphop;image_2503.jpeg
2003;hiphop;image_2504.jpeg
2004;hiphop;image_2505.jpeg
2005;hiphop;image_2506.jpeg
2006;hiphop;image_2507.jpeg
2007;hiphop;image_2508.jpeg
2008;hiphop;image_2509.jpeg
2009;hiphop;image_2510.jpeg
2010;hiphop;image_2511.jpeg
2011;hiphop;image_2512.jpeg
2012;hiphop;image_2513.jpeg
2013;hiphop;image_2514.jpeg
2014;hiphop;image_2515.jpeg
2015;hiphop;image_2516.jpeg
2016;hiphop;image_2517.jpeg
2017;hiphop;image_2518.jpeg
2018;hiphop;image_2519.jpeg
2019;hiphop;image_2520.jpeg
2020;hiphop;image_2521.jpeg
2021;hiphop;image_2522.jpeg
2022;hiphop;image_2523.jpeg
2023;hiphop;image_2524.jpeg
2024;hiphop;image_2525.jpeg
2025;hiphop;image_2526.jpeg
2026;hiphop;image_2527.jpeg
2027;hiphop;image_2528.jpeg
2028;hiphop;image_2529.jpeg
2029;hiphop;image_2530.jpeg
2030;hiphop;image_2531.jpeg
2031;hiphop;image_2532.jpeg
2032;hiphop;image_2533.jpeg
2033;hiphop;image_2534.jpeg
2034;hiphop;image_2535.jpeg
2035;hiphop;image_2536.jpeg
2036;hiphop;image_2537.jpeg
2037;hiphop;image_2538.jpeg
2038;hiphop;image_2539.jpeg
2039;hiphop;image_2540.jpeg
2040;hiphop;image_2541.jpeg
2041;hiphop;image_2542.jpeg
2042;hiphop;image_2543.jpeg
2043;hiphop;image_2544.jpeg
2044;hiphop;image_2545.jpeg
2045;hiphop;image_2546.jpeg
2046;hiphop;image_2547.jpeg
2047;hiphop;image_2548.jpeg
2048;hiphop;image_2549.jpeg
2049;hiphop;image_2550.jpeg
2050;hiphop;image_2551.jpeg
2051;hiphop;image_2552.jpeg
2052;hiphop;image_2553.jpeg
2053;hiphop;image_2554.jpeg
2054;hiphop;image_2555.jpeg
2055;hiphop;image_2556.jpeg
2056;hiphop;image_2557.jpeg
2057;hiphop;image_2558.jpeg
2058;hiphop;image_2559.jpeg
2059;hiphop;image_2560.jpeg
2060;hiphop;image_2561.jpeg
2061;hiphop;image_2562.jpeg
2062;hiphop;image_2563.jpeg
2063;hiphop;image_2564.jpeg
2064;hiphop;image_2565.jpeg
2065;hiphop;image_2566.jpeg
2066;hiphop;image_2567.jpeg
2067;hiphop;image_2568.jpeg
2068;hiphop;image_2569.jpeg
2069;hiphop;image_2570.jpeg
2070;hiphop;image_2571.jpeg
2071;hiphop;image_2572.jpeg
2072;hiphop;image_2573.jpeg
2073;hiphop;image_2574.jpeg
2074;hiphop;image_2575.jpeg
2075;hiphop;image_2576.jpeg
2076;hiphop;image_2577.jpeg
2077;hiphop;image_2578.jpeg
2078;hiphop;image_2579.jpeg
2079;hiphop;image_2580.jpeg
2080;hiphop;image_2581.jpeg
2081;hiphop;image_2582.jpeg
2082;hiphop;image_2583.jpeg
2083;hiphop;image_2584.jpeg
2084;hiphop;image_2585.jpeg
2085;hiphop;image_2586.jpeg
2086;hiphop;image_2587.jpeg
2087;hiphop;image_2588.jpeg
2088;hiphop;image_2589.jpeg
2089;hiphop;image_2590.jpeg
2090;hiphop;image_2591.jpeg
2091;hiphop;image_2592.jpeg
2092;hiphop;image_2593.jpeg
2093;hiphop;image_2594.jpeg
2094;hiphop;image_2595.jpeg
2095;hiphop;image_2596.jpeg
2096;hiphop;image_2597.jpeg
2097;hiphop;image_2598.jpeg
2098;hiphop;image_2599.jpeg
2099;hiphop;image_2600.jpeg
2100;hiphop;image_2601.jpeg
2101;hiphop;image_2602.jpeg
2102;hiphop;image_2603.jpeg
2103;hiphop;image_2604.jpeg
2104;hiphop;image_2605.jpeg
2105;hiphop;image_2606.jpeg
2106;hiphop;image_2607.jpeg
2107;hiphop;image_2608.jpeg
2108;hiphop;image_2609.jpeg
2109;hiphop;image_2610.jpeg
2110;hiphop;image_2611.jpeg
2111;hiphop;image_2612.jpeg
2112;hiphop;image_2613.jpeg
2113;hiphop;image_2614.jpeg
2114;hiphop;image_2615.jpeg
2115;hiphop;image_2616.jpeg
2116;hiphop;image_2617.jpeg
2117;hiphop;image_2618.jpeg
2118;hiphop;image_2619.jpeg
2119;hiphop;image_2620.jpeg
2120;hiphop;image_2621.jpeg
2121;hiphop;image_2622.jpeg
2122;hiphop;image_2623.jpeg
2123;hiphop;image_2624.jpeg
2124;hiphop;image_2625.jpeg
2125;hiphop;image_2626.jpeg
2126;hiphop;image_2627.jpeg
2127;hiphop;image_2628.jpeg
2128;hiphop;image_2629.jpeg
2129;hiphop;image_2630.jpeg
2130;hiphop;image_2631.jpeg
2131;hiphop;image_2632.jpeg
2132;hiphop;image_2633.jpeg
2133;hiphop;image_2634.jpeg
2134;hiphop;image_2635.jpeg
2135;hiphop;image_2636.jpeg
2136;hiphop;image_2637.jpeg
2137;hiphop;image_2638.jpeg
2138;hiphop;image_2639.jpeg
2139;hiphop;image_2640.jpeg
2140;hiphop;image_2641.jpeg
2141;hiphop;image_2642.jpeg
2142;hiphop;image_2643.jpeg
2143;hiphop;image_2644.jpeg
2144;hiphop;image_2645.jpeg
2145;hiphop;image_2646.jpeg
2146;hiphop;image_2647.jpeg
2147;hiphop;image_2648.jpeg
2148;hiphop;image_2649.jpeg
2149;hiphop;image_2650.jpeg
2150;hiphop;image_2651.jpeg
2151;hiphop;image_2652.jpeg
2152;hiphop;image_2653.jpeg
2153;hiphop;image_2654.jpeg
2154;hiphop;image_2655.jpeg
2155;hiphop;image_2656.jpeg
2156;hiphop;image_2657.jpeg
2157;hiphop;image_2658.jpeg
2158;hiphop;image_2659.jpeg
2159;hiphop;image_2660.jpeg